week_start,price_avg_weekly,transport_cost,energy_cost,carry_cost,total_landed_cost,implied_sell_price,gross_margin_usd,gross_margin_pct
2020-01-06,4.50274245371779,0.6169533391359294,0.006238111066182105,0.01942964209480964,5.145363546014711,5.847004029562172,0.701640483547461,12.000000000000005
2020-01-13,4.580494618506888,0.6165421536355966,0.006238111066182105,0.01976514801136534,5.223040031220032,5.935272762750037,0.7122327315300048,12.000000000000007
2020-01-20,4.671571399045472,0.6161532914980417,0.006238111066182105,0.02015815055752498,5.314120952167221,6.038773809280933,0.7246528571137123,12.000000000000007
2020-01-27,4.758912093524539,0.6156956366352224,0.006238111066182105,0.0205350316364415,5.401380872862385,6.137932810070891,0.7365519372085068,11.999999999999996
2020-02-03,4.812379271975075,0.6153011033576364,0.006257591648965034,0.020765746173591077,5.4547037131552685,6.198526946767351,0.7438232336120825,12.000000000000005
2020-02-10,4.861801142807034,0.6149047330195728,0.006257591648965034,0.02097900493129062,5.503942472406862,6.2544800822805255,0.7505376098736631,12.000000000000002
2020-02-17,4.912628765751291,0.6145264040924262,0.006257591648965034,0.021198329605639128,5.55461109109832,6.312058058066273,0.7574469669679527,11.999999999999998
2020-02-24,4.946937818392321,0.6141841466015905,0.006257591648965034,0.021346375517720288,5.588725932160597,6.350824922909769,0.7620989907491724,12.000000000000002
2020-03-02,4.970921960351908,0.6140407679804708,0.0063854564177899635,0.021449868733025353,5.612798053483194,6.378179606230902,0.7653815527477086,12.000000000000005
2020-03-09,4.9744285723888035,0.6137417806507752,0.0063854564177899635,0.021465000004143465,5.616020809461512,6.381841828933537,0.7658210194720247,12.000000000000005
2020-03-16,4.981188059827522,0.6135110611619377,0.0063854564177899635,0.021494167655420126,5.622578745062669,6.389294028480306,0.7667152834176365,11.999999999999996
2020-03-23,4.975798494213084,0.6133561675779864,0.0063854564177899635,0.021470911310645498,5.617011029519506,6.382967078999438,0.7659560494799322,11.999999999999995
2020-03-30,4.954288466996503,0.6129551239515305,0.006481039536959146,0.021378094069916413,5.595102724554909,6.3580712779033055,0.7629685533483963,11.999999999999995
2020-04-06,4.934452738576861,0.6125659196410903,0.006481039536959146,0.021292501543174126,5.574792199298085,6.334991135566006,0.7601989362679209,12.000000000000002
2020-04-13,4.902846522653217,0.6122250871896316,0.006481039536959146,0.02115611855665429,5.542708767936463,6.29853269083689,0.7558239229004267,11.999999999999998
2020-04-20,4.855594941655036,0.6119954990234282,0.006481039536959146,0.02095222474823748,5.4950237049636605,6.244345119276887,0.7493214143132265,12.000000000000002
2020-04-27,4.81778354588597,0.6116886952627251,0.006435005060100584,0.020789065985672334,5.456696312194468,6.20079126385735,0.7440949516628823,12.000000000000005
2020-05-04,4.768350334517697,0.6115131531050806,0.006435005060100584,0.02057575829278184,5.40687425097566,6.144175285199614,0.7373010342239539,12.000000000000004
2020-05-11,4.737462666806878,0.6113385365645589,0.006435005060100584,0.020442475891015978,5.375678684322553,6.108725777639265,0.7330470933167117,11.999999999999998
2020-05-18,4.701570191807084,0.6112911662677255,0.006435005060100584,0.02028759740300317,5.339583960537913,6.0677090460658105,0.7281250855278971,11.999999999999998
2020-05-25,4.668751194563053,0.6111354520791258,0.006348852375150027,0.02014598118201865,5.306381480199348,6.029978954771986,0.7235974745726379,11.999999999999995
2020-06-01,4.636253558771458,0.6110264846053406,0.006348852375150027,0.020005751657712456,5.273634647409661,5.992766644783706,0.7191319973740447,11.999999999999998
2020-06-08,4.6257246574633335,0.6110508285057855,0.006348852375150027,0.019960318727410276,5.263084657071679,5.980778019399635,0.7176933623279558,11.999999999999995
2020-06-15,4.60726575927215,0.6109883823862429,0.006348852375150027,0.01988066731740722,5.24448366135095,5.959640524262443,0.7151568629114928,11.999999999999995
2020-06-22,4.590055042700246,0.6109472779437115,0.006375117304592648,0.01980640189658325,5.227183839845133,5.939981636187651,0.7127977963425183,12.000000000000002
2020-06-29,4.576185373296389,0.6107675701591602,0.006375117304592648,0.019746553323128253,5.21307461408327,5.9239484250946255,0.7108738110113553,12.000000000000004
2020-07-06,4.571658833507374,0.6106830736680933,0.006375117304592648,0.01972702099390168,5.208444045473961,5.918686415311319,0.7102423698373581,11.999999999999998
2020-07-13,4.565630507627654,0.610691664781999,0.006375117304592648,0.019701008354831656,5.202398298069078,5.9118162478057705,0.7094179497366921,11.999999999999995
2020-07-20,4.5586446336825555,0.6106994445006627,0.0063794570315553875,0.019670863830274037,5.195394399045047,5.9038572716420985,0.7084628725970514,11.999999999999995
2020-07-27,4.549166256537189,0.6107433429132878,0.0063794570315553875,0.01962996398368787,5.185919020465721,5.893089795983774,0.707170775518053,12.000000000000002
2020-08-03,4.55137295209246,0.6108268444820129,0.0063794570315553875,0.019639486026152394,5.18821873963218,5.895703113218387,0.7074843735862064,12.0
2020-08-10,4.526183443588808,0.6110031236012748,0.0063794570315553875,0.019530791571650333,5.163096815793289,5.8671554724923745,0.7040586566990852,12.000000000000004
2020-08-17,4.495203989135203,0.6111196972342856,0.006340574315304169,0.019397113103802585,5.132061373788596,5.831887924759768,0.6998265509711725,12.000000000000005
2020-08-24,4.4567247986088505,0.6113049236988309,0.006340574315304169,0.01923107276112038,5.093601369384106,5.788183374300121,0.6945820049160147,12.000000000000004
2020-08-31,4.426825471611112,0.6115513145784892,0.006340574315304169,0.019102055117226027,5.063819415622131,5.754340245025149,0.6905208294030176,11.999999999999996
2020-09-07,4.398192501823015,0.6116657068029329,0.006340574315304169,0.01897850189142808,5.03517728483268,5.721792369128045,0.6866150842953651,11.999999999999995
2020-09-14,4.356363706743309,0.611807255168084,0.006291872011183191,0.018798007775673184,4.993260841698249,5.674160047384374,0.6808992056861252,12.000000000000004
2020-09-21,4.307672145624838,0.6121521932320393,0.006291872011183191,0.018587900354408545,4.944704111222469,5.618981944570987,0.6742778333485182,11.999999999999995
2020-09-28,4.260733865851384,0.612370984495019,0.006291872011183191,0.01838535846223542,4.897782080819821,5.56566145547707,0.6678793746572484,12.000000000000002
2020-10-05,4.230775400937894,0.61250857103692,0.006291872011183191,0.01825608563418406,4.8678319296201815,5.531627192750206,0.6637952631300248,12.000000000000002
2020-10-12,4.20748378919637,0.612654973220926,0.006248344437691632,0.018155580734203515,4.8445426875891915,5.505162144987717,0.6606194573985258,11.999999999999995
2020-10-19,4.190267874116486,0.6128178168146067,0.006248344437691632,0.01808129288146155,4.827415328250247,5.485699236648007,0.6582839083977605,11.999999999999995
2020-10-26,4.171888593717589,0.613079604171471,0.006248344437691632,0.018001985027685484,4.809218527354437,5.46502105381186,0.655802526457423,11.999999999999996
2020-11-02,4.172822951290142,0.6134316801216378,0.006248344437691632,0.018006016844608144,4.810508992694079,5.4664874916978174,0.6559784990037381,12.0
2020-11-09,4.185057130957466,0.6138175273484914,0.006314857876106037,0.01805880816783016,4.823248324349893,5.48096400494306,0.6577156805931672,12.0
2020-11-16,4.211160680705153,0.6140882351496582,0.006314857876106037,0.0181714467729058,4.849735220503822,5.511062750572525,0.6613275300687027,11.999999999999995
2020-11-23,4.256158775678809,0.6143655015150257,0.006314857876106037,0.018365616634778422,4.895204751704719,5.562732672391726,0.6675279206870073,12.000000000000004
2020-11-30,4.307848194933533,0.6145698505667828,0.006314857876106037,0.018588660019233736,4.947321563395655,5.621956322040517,0.6746347586448618,11.999999999999995
2020-12-07,4.3750999033949,0.6147979159495938,0.006400714253274253,0.018878855747525933,5.015177389345294,5.699065215165107,0.6838878258198129,12.000000000000002
2020-12-14,4.446734610168722,0.6151433908775865,0.006400714253274253,0.019187964413741744,5.087466679713324,5.781212136037868,0.6937454563245442,12.000000000000002
2020-12-21,4.528212296788477,0.6155961799244261,0.006400714253274253,0.019539546212169454,5.169748737178348,5.874714474066304,0.7049657368879565,12.0
2020-12-28,4.618216610597348,0.6159699653562336,0.006400714253274253,0.01992792099093376,5.26051521119779,5.977858194542943,0.7173429833451532,12.000000000000002
2021-01-04,4.692214229963912,0.6162978425623243,0.0064414812049276415,0.020247225786830577,5.3352007795179945,6.062728158543176,0.7275273790251813,12.000000000000002
2021-01-11,4.776449210761958,0.6166665793124922,0.0064414812049276415,0.020610705498493375,5.420167976777871,6.159281791793036,0.7391138150151644,12.000000000000002
2021-01-18,4.8565385766496485,0.6170715707899116,0.0064414812049276415,0.02095629659787177,5.50100792524236,6.251145369593591,0.750137444351231,12.000000000000002
2021-01-25,4.929664288047004,0.6173984691054724,0.0064414812049276415,0.02127183905116173,5.574776077408566,6.334972815237006,0.7601967378284407,11.999999999999998
2021-02-01,4.998214502934385,0.6177950459774966,0.00655943556874405,0.021567637923620975,5.644136622404246,6.413791616368461,0.769654993964215,11.999999999999995
2021-02-08,5.0728104611292135,0.6182009513680098,0.00655943556874405,0.02188952459254386,5.719460372658511,6.499386787111944,0.779926414453433,11.999999999999996
2021-02-15,5.114695040403727,0.6185128687224374,0.00655943556874405,0.02207025942092019,5.761837604115828,6.547542731949805,0.7857051278339764,11.999999999999996
2021-02-22,5.160564781567172,0.6188875227370825,0.00655943556874405,0.022268190495803548,5.808279930368801,6.60031810269182,0.7920381723230188,12.000000000000005
2021-03-01,5.169554305999755,0.6191926754707554,0.006636248665456565,0.022306980909450998,5.817690211045418,6.611011603460702,0.793321392415284,11.999999999999995
2021-03-08,5.177724348114941,0.6194862142562131,0.006636248665456565,0.02234223520076995,5.82618904623738,6.620669370724296,0.7944803244869156,12.000000000000002
2021-03-15,5.178034031365839,0.6199083099046324,0.006636248665456565,0.022343571505208756,5.826922161441137,6.6215024561831095,0.7945802947419729,11.999999999999996
2021-03-22,5.170920339314773,0.6202554775054148,0.006636248665456565,0.022312875436769228,5.8201249409224145,6.613778341957289,0.7936534010348746,11.999999999999998
2021-03-29,5.155217075038279,0.6204002201296778,0.006673609170625445,0.022245114775850106,5.804536019114432,6.596063658084582,0.79152763897015,12.000000000000002
2021-04-05,5.132376300872723,0.6207890258598022,0.006673609170625445,0.022146555270889146,5.78198549117404,6.570438058152318,0.788452566978278,11.999999999999998
2021-04-12,5.093423975218576,0.6212600357546808,0.006673609170625445,0.02197847331772399,5.743336093461606,6.526518288024552,0.7831821945629462,12.0
2021-04-19,5.049744860252361,0.6216916443315657,0.006673609170625445,0.021789994944924573,5.6999001086994765,6.477159214431223,0.7772591057317468,12.000000000000002
2021-04-26,5.016336490357866,0.6219156097629668,0.006751593520702552,0.02164583554058531,5.666649529182121,6.439374464979683,0.7727249357975623,12.000000000000005
2021-05-03,4.973811483473121,0.6221210803186278,0.006751593520702552,0.02146233722320593,5.624146494535657,6.391075561972338,0.7669290674366804,11.999999999999998
2021-05-10,4.923536586140495,0.6223224743110894,0.006751593520702552,0.021245397597729532,5.573856051570016,6.333927331329564,0.7600712797595479,12.000000000000004
2021-05-17,4.877893859413545,0.6223673457776145,0.006751593520702552,0.02104844610568858,5.52806124481755,6.281887778201762,0.7538265333842116,12.000000000000002
2021-05-24,4.838463552867409,0.6227902626338551,0.006679047058356335,0.020878301632236074,5.488811164191857,6.237285413854383,0.7484742496625261,12.000000000000002
2021-05-31,4.816568729671933,0.6228764441343656,0.006679047058356335,0.020783823970502175,5.466908044835157,6.212395505494497,0.7454874606593398,12.000000000000002
2021-06-07,4.796318787940377,0.622819949889894,0.006679047058356335,0.020696444084948203,5.446514228973576,6.189220714742699,0.7427064857691237,11.999999999999995
2021-06-14,4.785465023274422,0.6230182653808072,0.006679047058356335,0.020649609347006066,5.435811945060592,6.177059028477945,0.7412470834173535,12.000000000000002
2021-06-21,4.768263983284957,0.6231163979757116,0.006616308076282445,0.0205753856812981,5.41857207501825,6.157468267066193,0.7388961920479433,12.000000000000002
2021-06-28,4.758990373055185,0.6232299125918187,0.006616308076282445,0.02053536941797785,5.409371963141264,6.147013594478709,0.7376416313374454,12.000000000000005
2021-07-05,4.755303364141895,0.623334674483087,0.006616308076282445,0.020519459721982145,5.405773806423247,6.1429247800264175,0.7371509736031703,12.000000000000002
2021-07-12,4.743201922825417,0.6233567465879716,0.006616308076282445,0.0204672411738357,5.393642218663507,6.1291388848448936,0.7354966661813869,11.999999999999995
2021-07-19,4.736612432513971,0.6231729979370052,0.006575750947419985,0.02043880707180686,5.386799988470203,6.121363623261595,0.7345636347913915,12.000000000000002
2021-07-26,4.717299332871935,0.6229240385276061,0.006575750947419985,0.02035546972403643,5.367154592070997,6.099039309171587,0.7318847171005904,12.0
2021-08-02,4.696963715400286,0.6228769112334932,0.006575750947419985,0.02026772014179575,5.346684097722994,6.0757773837761295,0.7290932860531356,12.000000000000002
2021-08-09,4.671996300998108,0.6225763920371499,0.006575750947419985,0.02015998403855348,5.321308428021231,6.0469413954786715,0.7256329674574404,11.999999999999998
2021-08-16,4.634864474295847,0.6224463902236204,0.006593314026295504,0.01999975766305742,5.28390393620882,6.004436291146386,0.720532354937566,11.999999999999995
2021-08-23,4.608091990650796,0.6221194615745743,0.006593314026295504,0.01988423256239727,5.256688998814063,5.973510225925072,0.7168212271110086,12.0
2021-08-30,4.568424227788054,0.6219606968989893,0.006593314026295504,0.019713063448674475,5.216691302162013,5.928058297911378,0.7113669957493656,12.000000000000002
2021-09-06,4.529742954434019,0.6217591287048095,0.006593314026295504,0.019546151104749533,5.1776415482698726,5.883683577579401,0.7060420293095282,12.000000000000002
2021-09-13,4.49326640640336,0.6215148505709728,0.006539110399540906,0.01938875230160354,5.140709119675478,5.841714908722134,0.7010057890466559,11.999999999999998
2021-09-20,4.45615503416182,0.6209706004450977,0.006539110399540906,0.01922861418850648,5.102893359194965,5.798742453630642,0.695849094435677,11.999999999999998
2021-09-27,4.422625551310341,0.6206445430926022,0.006539110399540906,0.01908393217346243,5.068893136975947,5.7601058374726675,0.6912127004967203,12.000000000000004
2021-10-04,4.385925381945845,0.6204577364629078,0.006539110399540906,0.018925568428944398,5.031847797237238,5.7180088604968615,0.6861610632596236,12.000000000000004
2021-10-11,4.352134797855093,0.6200900883888228,0.006486507425792016,0.018779759744169233,4.997491153413876,5.678967219788496,0.6814760663746195,12.000000000000002
2021-10-18,4.329313030462305,0.6198403694638602,0.006486507425792016,0.018681282254734602,4.974321189606691,5.6526377154621485,0.6783165258554575,11.999999999999995
2021-10-25,4.301737327523384,0.6195904425319593,0.006486507425792016,0.018562291207806378,4.946376568688941,5.620882464419251,0.6745058957303103,12.000000000000002
2021-11-01,4.287558220936528,0.6191929902628972,0.006486507425792016,0.018501107391712415,4.93173882601693,5.6042486659283295,0.6725098399113998,12.000000000000005
2021-11-08,4.286837931810397,0.6188714898115858,0.006527047412172546,0.018497999294798288,4.930734468328953,5.60310735037381,0.6723728820448569,11.999999999999995
2021-11-15,4.301998062739109,0.6185177699803857,0.006527047412172546,0.018563416298120812,4.945606296429788,5.62000715503385,0.674400858604062,12.0
2021-11-22,4.342751266751741,0.6181824722473563,0.006527047412172546,0.018739269164750664,4.98620005557602,5.666136426790932,0.6799363712149118,11.999999999999998
2021-11-29,4.384279014569254,0.6178107750309894,0.006527047412172546,0.01891846424094952,5.027535301253365,5.713108296878824,0.685572995625459,12.000000000000004
2021-12-06,4.442017037976617,0.6174266809093079,0.006738343184259556,0.019167607766611427,5.085349669836796,5.778806442996359,0.6934567731595633,12.000000000000004
2021-12-13,4.524736587805114,0.6172615561482977,0.006738343184259556,0.01952454828984398,5.168261035427515,5.873023903894904,0.7047628684673883,11.999999999999998
2021-12-20,4.6004058240971055,0.6168495401674867,0.006738343184259556,0.01985106622726833,5.24384477367612,5.9589145155410455,0.7150697418649257,12.000000000000004
2021-12-27,4.691366183989635,0.616590847977817,0.006738343184259556,0.02024356641036623,5.334938941562077,6.062430615411452,0.7274916738493742,12.0
2022-01-03,4.770075646614811,0.6163746199891014,0.006667075741534888,0.02058320313265295,5.4137005454781,6.151932438043296,0.7382318925651958,12.000000000000005
2022-01-10,4.855338730339265,0.6160316921518735,0.006667075741534888,0.02095111917886121,5.498988617411535,6.248850701604017,0.7498620841924817,11.999999999999995
2022-01-17,4.931111251621394,0.6156790128282355,0.006667075741534888,0.021278082798092315,5.574735422989257,6.334926617033247,0.7601911940439896,12.0
2022-01-24,5.006935565969834,0.6154017048616859,0.006667075741534888,0.021605269907952022,5.650609616481007,6.421147291455689,0.7705376749746824,11.999999999999995
2022-01-31,5.085524834355373,0.6149914821678552,0.006766167022901452,0.021944387983862224,5.729226871529991,6.510485081284081,0.7812582097540899,12.000000000000002
2022-02-07,5.1311204369403605,0.6147844565175442,0.006766167022901452,0.02214113613200292,5.7748121966128085,6.56228658706001,0.7874743904472012,12.000000000000002
2022-02-14,5.184707309048025,0.6145003890927024,0.006766167022901452,0.0223723671554812,5.8283462323191095,6.623120718544443,0.7947744862253332,12.000000000000002
2022-02-21,5.224002165441139,0.6142408075985816,0.006766167022901452,0.022541927152246007,5.867551067214867,6.667671667289622,0.8001206000747549,12.000000000000004
2022-02-28,5.2427901682169935,0.6139429217307488,0.006922706539099674,0.022622998671073327,5.8862787951579145,6.688953176315812,0.8026743811578978,12.000000000000005
2022-03-07,5.240959654912555,0.6136272125356819,0.006922706539099674,0.022615099880787054,5.884124673868124,6.686505311213777,0.802380637345653,11.999999999999996
2022-03-14,5.240453726146932,0.6134366750384835,0.006922706539099674,0.022612916763510734,5.883426024488027,6.685711391463666,0.8022853669756396,11.999999999999995
2022-03-21,5.223298598732059,0.6131064535367675,0.006922706539099674,0.02253889121370683,5.865866650021633,6.665757556842765,0.7998909068211315,11.999999999999995
2022-03-28,5.20328838113962,0.6128479133886081,0.006976180002544447,0.022452545754232604,5.8455650202850045,6.6426875230511415,0.797122502766137,12.000000000000002
2022-04-04,5.173504151166977,0.6127733557084054,0.006976180002544447,0.022324024761884897,5.815577711639812,6.608611035954332,0.7930333243145196,11.999999999999996
2022-04-11,5.152106361184953,0.6127186866609097,0.006976180002544447,0.022231691832510413,5.794032919680917,6.584128317819224,0.7900953981383072,12.000000000000005
2022-04-18,5.110434211705464,0.6125102212607131,0.006976180002544447,0.022051873653249603,5.7519724866219715,6.536332371161331,0.7843598845393593,11.999999999999995
2022-04-25,5.0600925814460584,0.6123359997468454,0.006977036378505813,0.021834646070623402,5.701240263642033,6.478682117775038,0.7774418541330048,12.000000000000004
2022-05-02,5.020902794199852,0.6121683489024775,0.006977036378505813,0.021665539454424017,5.661713718935259,6.433765589699157,0.7720518707638986,11.999999999999995
2022-05-09,4.984089043933014,0.6120114651507406,0.006977036378505813,0.021506685600532868,5.624584231062793,6.391572989844083,0.7669887587812898,11.999999999999996
2022-05-16,4.96087859030926,0.611850605969034,0.006977036378505813,0.02140653090338927,5.601112763560189,6.3649008676820324,0.7637881041218435,11.999999999999995
2022-05-23,4.937239355550369,0.6116463843914544,0.0069861880080330785,0.021304525986278983,5.577176453936135,6.3377005158365165,0.7605240619003819,12.0
2022-05-30,4.914081925190755,0.61163612363834,0.0069861880080330785,0.021204600088151882,5.55390883692528,6.311260041960545,0.7573512050352651,11.999999999999995
2022-06-06,4.90571987785554,0.6116495991388136,0.0069861880080330785,0.021168517281157463,5.545524182283545,6.30173202532221,0.7562078430386654,12.000000000000002
2022-06-13,4.877952877514069,0.6116752486515994,0.0069861880080330785,0.02104870077283468,5.517663014946536,6.270071607893791,0.7524085929472548,11.999999999999998
2022-06-20,4.858839347546885,0.6116022391373599,0.006987048064143905,0.020966224581880393,5.49839485933027,6.2481759765116704,0.7497811171814002,11.999999999999995
2022-06-27,4.839799696624773,0.6114673203614028,0.006987048064143905,0.0208840671840658,5.479138132234386,6.22629333208453,0.7471551998501438,12.000000000000004
2022-07-04,4.826974085937374,0.6114942770444955,0.006987048064143905,0.02082872379548319,5.466284134841497,6.2116865168653375,0.7454023820238405,12.0
2022-07-11,4.805266588150372,0.6117169896153394,0.006987048064143905,0.02073505445571736,5.444705680285574,6.18716554577906,0.7424598654934869,11.999999999999995
2022-07-18,4.80028247922224,0.6118917855626642,0.0068117535851585425,0.02071354768431514,5.439699566054378,6.181476779607247,0.7417772135528695,11.999999999999998
2022-07-25,4.784926708775915,0.6120118213423372,0.0068117535851585425,0.020647286483074154,5.424397570186485,6.164088147939187,0.7396905777527021,11.999999999999995
2022-08-01,4.754621319272826,0.61212773277826,0.0068117535851585425,0.020516516651656713,5.3940773222879015,6.129633320781706,0.7355559984938047,12.0
2022-08-08,4.723949334185768,0.6122500929930242,0.0068117535851585425,0.02038416493518516,5.363395345699137,6.094767438294474,0.7313720925953371,12.000000000000004
2022-08-15,4.700401688920859,0.61235293644387,0.006812737050076232,0.020282555233014667,5.33984991764782,6.068011270054341,0.7281613524065209,12.0
2022-08-22,4.6767895920597855,0.612504707479622,0.006812737050076232,0.020180667417792224,5.316287704007276,6.041236027280995,0.7249483232737193,11.999999999999998
2022-08-29,4.659317028284095,0.6125569384466703,0.006812737050076232,0.020105272108349174,5.29879197588919,6.021354518055898,0.7225625421667079,12.000000000000002
2022-09-05,4.646748070055575,0.6127765272701485,0.006812737050076232,0.020051036192705565,5.286388370568505,6.007259512009665,0.7208711414411599,12.000000000000002
2022-09-12,4.6096744869942485,0.6130302787181532,0.006761710597210282,0.019891061142509426,5.249357537452122,5.9651790198319565,0.7158214823798348,12.0
2022-09-19,4.559638491088153,0.6131840727812436,0.006761710597210282,0.019675152393051617,5.199259426859658,5.908249348704158,0.7089899218444993,12.000000000000007
2022-09-26,4.500932125729338,0.6135312679895446,0.006761710597210282,0.0194218304055444,5.140646934721637,5.84164424400186,0.7009973092802229,11.999999999999995
2022-10-03,4.4675277288865205,0.613725263481087,0.006761710597210282,0.019277688145195256,5.107292391110013,5.803741353534106,0.6964489624240926,11.999999999999998
2022-10-10,4.430230359746373,0.613959715046352,0.006790463726725424,0.019116747442741194,5.070097285962191,5.761474188593399,0.691376902631208,12.000000000000002
2022-10-17,4.404387840910124,0.6142309118910739,0.006790463726725424,0.019005235203927245,5.04441445173185,5.732289149695284,0.6878746979634345,12.000000000000007
2022-10-24,4.386489276685287,0.614360626421907,0.006790463726725424,0.01892800167336802,5.026568368507287,5.7120095096673715,0.6854411411600845,11.999999999999998
2022-10-31,4.384067064372492,0.614700693564913,0.006790463726725424,0.018917549661333355,5.024475771325464,5.70963155832439,0.6851557869989264,11.999999999999993
2022-11-07,4.404844893834639,0.6148112465833941,0.006797112980566737,0.019007207418601523,5.045460460817202,5.733477796383184,0.6880173355659824,12.000000000000007
2022-11-14,4.430393683318773,0.6151383408231802,0.006797112980566737,0.01911745219514265,5.071446589317662,5.76300748786098,0.6915608985433179,12.000000000000005
2022-11-21,4.466121205757547,0.6155717679223581,0.006797112980566737,0.019271618901556535,5.107761705562028,5.804274665411396,0.6965129598493673,11.999999999999998
2022-11-28,4.5064773812978665,0.6158921167697,0.006797112980566737,0.019445758563134626,5.148612369611268,5.850695874558259,0.7020835049469909,11.999999999999998
2022-12-05,4.552546721189245,0.6163264331282317,0.006982709377045327,0.019644550920200166,5.195500414614722,5.9039777438803664,0.7084773292656443,12.000000000000007
2022-12-12,4.619196445156008,0.6167388676396279,0.006982709377045327,0.01993214904416633,5.262850171216847,5.980511558200963,0.7176613869841155,12.0
2022-12-19,4.697588014230188,0.6170504063686485,0.006982709377045327,0.020270414034006975,5.341891544009889,6.0703313000112376,0.7284397560013485,12.0
2022-12-26,4.797822103228731,0.6173512735998999,0.006982709377045327,0.02070293099338425,5.442859017199061,6.185067064998933,0.7422080477998723,12.000000000000004
2023-01-02,4.8861065956672505,0.6177665434577206,0.007045746155282289,0.021083884625139503,5.532002769905393,6.286366783983401,0.7543640140780079,11.999999999999996
2023-01-09,4.98206327301172,0.6180312835313927,0.007045746155282289,0.021497944260256047,5.6286382469586504,6.396179826089376,0.7675415791307252,12.000000000000002
2023-01-16,5.061892332401197,0.6182796299927539,0.007045746155282289,0.021842412119265433,5.709060120668498,6.4875683189414755,0.7785081982729771,12.000000000000002
2023-01-23,5.130103450534987,0.6184996171195561,0.007045746155282289,0.022136747766007134,5.777785561575833,6.565665410881628,0.7878798493057957,12.000000000000004
2023-01-30,5.192443894823319,0.6188038967153158,0.007074149380186114,0.02240575105300473,5.840727691971826,6.637190559058893,0.796462867087067,11.999999999999998
2023-02-06,5.247058346636214,0.6190236309923687,0.007074149380186114,0.02264141615329325,5.895797543162062,6.699769935411434,0.8039723922493724,12.000000000000005
2023-02-13,5.315891633543883,0.6195537169793205,0.007074149380186114,0.022938436500908536,5.965457936404297,6.778929473186701,0.8134715367824041,12.0
2023-02-20,5.345654389402985,0.6199267239864343,0.007074149380186114,0.02306686483098548,5.99572212760059,6.813320599546126,0.8175984719455354,12.000000000000004
2023-02-27,5.377336144613739,0.6203471453597604,0.0071219811827507576,0.02320357377470312,6.0280088449309535,6.850010051057902,0.8220012061269486,12.000000000000005
2023-03-06,5.380393807396014,0.6206617273873681,0.0071219811827507576,0.02321676779903759,6.03139428376517,6.853857140642239,0.8224628568770687,12.0
2023-03-13,5.387622870176835,0.6210352802452902,0.0071219811827507576,0.02324796170007812,6.039028093304954,6.862531924210175,0.8235038309052207,11.999999999999996
2023-03-20,5.378697735838489,0.6213572853114343,0.0071219811827507576,0.023209449134097584,6.0303864514667715,6.852711876666786,0.8223254252000141,11.999999999999996
2023-03-27,5.355183691264934,0.6214598630562443,0.007180324686175541,0.023107984421211702,6.006931863428566,6.826058935714279,0.8191270722857134,11.999999999999998
2023-04-03,5.32483592924736,0.6217549114277112,0.007180324686175541,0.02297703174949203,5.976748197110739,6.791759314898567,0.8150111177878276,11.999999999999995
2023-04-10,5.283129039984584,0.6219756054367309,0.007180324686175541,0.0227970636656869,5.935082033773178,6.744411402014975,0.809329368241797,12.000000000000002
2023-04-17,5.247625740965691,0.6222456406356119,0.007180324686175541,0.022643864498687567,5.899695570786165,6.704199512257006,0.8045039414708404,11.999999999999995
2023-04-24,5.2024007368168155,0.6224668737288133,0.00729192831510118,0.022448715508182147,5.854608254368912,6.652963925419218,0.7983556710503059,11.999999999999995
2023-05-01,5.150567016982099,0.6226767697789279,0.00729192831510118,0.022225049456840562,5.8027607645329695,6.59404632333292,0.7912855587999506,12.000000000000002
2023-05-08,5.100271858390638,0.6228216170598782,0.00729192831510118,0.02200802240264453,5.752393426168262,6.5368107115548435,0.7844172853865814,12.000000000000002
2023-05-15,5.066382007849218,0.6228719000551419,0.00729192831510118,0.021861785376335666,5.718407621595798,6.4981904790861345,0.7797828574903365,12.000000000000005
2023-05-22,5.0494385931847905,0.622850993029618,0.007185536985584145,0.021788673381550806,5.701263796581543,6.4787088597517535,0.7774450631702106,12.000000000000002
2023-05-29,5.024509247814989,0.6229461776589148,0.007185536985584145,0.0216811015487907,5.6763220640082785,6.45036598182759,0.774043917819311,12.000000000000004
2023-06-05,5.00190972952381,0.6229900307321239,0.007185536985584145,0.021583583079452053,5.65366888032097,6.424623727637465,0.7709548473164958,12.0
2023-06-12,4.98741403192767,0.6231912909307884,0.007185536985584145,0.02152103315146871,5.639311892995511,6.40830896931308,0.7689970763175697,12.000000000000002
2023-06-19,4.985812281430594,0.6232593745476447,0.007091855713810827,0.021514121488364887,5.637677633180414,6.406451855886834,0.76877422270642,12.0
2023-06-26,4.977086256493406,0.62319723702012,0.007091855713810827,0.02147646809308798,5.628851817320425,6.396422519682301,0.7675707023618763,12.000000000000002
2023-07-03,4.964070588956907,0.6231192735703334,0.007091855713810827,0.02142030459618391,5.615702022837235,6.381479571405949,0.7657775485687139,12.000000000000002
2023-07-10,4.964709864888451,0.623085541109931,0.007091855713810827,0.021423063115614545,5.616310324827807,6.382170823667963,0.7658604988401558,12.000000000000005
2023-07-17,4.957868205385142,0.6229584936236865,0.007185521781420345,0.021393540886250957,5.6094057616765,6.374324729177841,0.764918967501341,12.000000000000002
2023-07-24,4.958334243140669,0.622849164413537,0.007185521781420345,0.021395551871086445,5.609764481206714,6.374732365007629,0.7649678838009155,12.0
2023-07-31,4.942915220223102,0.6226439358807085,0.007185521781420345,0.021329017731099686,5.5940736956163315,6.35690192683674,0.7628282312204089,12.000000000000002
2023-08-07,4.910363225581426,0.622510091868473,0.007185521781420345,0.021188553644632176,5.561247392875951,6.319599310086308,0.7583519172103568,11.999999999999996
2023-08-14,4.871680522896256,0.6224203012800388,0.007055012797709847,0.021021635133045485,5.5221774721070505,6.275201672848921,0.7530242007418702,11.999999999999995
2023-08-21,4.855383638314215,0.6222381589338354,0.007055012797709847,0.020951312959849006,5.505628123005609,6.256395594324555,0.7507674713189463,11.999999999999995
2023-08-28,4.835453488000347,0.6223688180590449,0.007055012797709847,0.02086531299616588,5.485742631853268,6.233798445287804,0.7480558134345365,12.000000000000002
2023-09-04,4.795044094658218,0.6221402139107935,0.007055012797709847,0.020690943696127926,5.444930265062849,6.187420755753238,0.7424904906903889,12.000000000000005
2023-09-11,4.750792140807183,0.6223034479667674,0.0070431379783771385,0.02049999348430497,5.400638720236633,6.1370894548143555,0.7364507345777227,12.000000000000002
2023-09-18,4.722814986611554,0.6222509085103757,0.0070431379783771385,0.020379270147707386,5.372488303248014,6.105100344600016,0.7326120413520023,12.000000000000007
2023-09-25,4.67333362664093,0.6219585288752826,0.0070431379783771385,0.0201657546902999,5.32250104818489,6.048296645664648,0.7257955974797579,12.000000000000002
2023-10-02,4.629467283466416,0.6216476679548228,0.0070431379783771385,0.01997646841495782,5.278134557814574,5.997880179334743,0.7197456215201692,12.000000000000002
2023-10-09,4.605276325336262,0.621487388794263,0.007056823591035481,0.019872082773711264,5.253692620495271,5.970105250562808,0.7164126300675369,11.999999999999998
2023-10-16,4.579620575735895,0.6212670310254556,0.007056823591035481,0.019761376456942557,5.227705806809329,5.9405747804651465,0.7128689736558176,12.0
2023-10-23,4.567184785902115,0.6208251967108869,0.007056823591035481,0.019707715172043373,5.214774521376081,5.925880137927365,0.7111056165512837,11.999999999999998
2023-10-30,4.564558705480346,0.6205577088462885,0.007056823591035481,0.019696383455154915,5.211869621372825,5.922579115196393,0.7107094938235674,12.000000000000005
2023-11-06,4.578780883804594,0.6200106611298745,0.00714819735149734,0.01975775312874585,5.225697495414712,5.938292608425809,0.7125951130110968,11.999999999999995
2023-11-13,4.615583572933544,0.6196775952625169,0.00714819735149734,0.019916559253069403,5.262325924800628,5.979915823637077,0.7175898988364491,11.999999999999998
2023-11-20,4.653554073067782,0.6192973651422895,0.00714819735149734,0.020080404561867823,5.3000800401234365,6.022818227412996,0.7227381872895595,12.0
2023-11-27,4.709026581523026,0.618794999346469,0.00714819735149734,0.02031977223533908,5.355289550456332,6.085556307336741,0.7302667568804093,12.000000000000007
2023-12-04,4.751716519007465,0.6184326472308703,0.007252566025008603,0.020503982239552757,5.397905714502896,6.133983766480563,0.7360780519776675,11.999999999999998
2023-12-11,4.822304548538517,0.618175393997775,0.007252566025008603,0.020808574421775788,5.468541082983076,6.214251230662586,0.7457101476795103,12.0
2023-12-18,4.893591088137424,0.6178305726001971,0.007252566025008603,0.021116180722784775,5.539790407485414,6.295216372142516,0.7554259646571015,11.999999999999995
2023-12-25,4.966944490369937,0.6174781713934787,0.007252566025008603,0.0214327056776237,5.613107933466048,6.3785317425750545,0.7654238091090066,12.000000000000002
2024-01-01,5.046153140812844,0.6172513537591601,0.007278137566421692,0.021774496429534874,5.692457128567961,6.468701282463591,0.7762441538956306,11.999999999999995
2024-01-08,5.130258051591798,0.6169216928374788,0.007278137566421692,0.022137414880156386,5.776595296875855,6.564312837358926,0.7877175404830714,12.000000000000004
2024-01-15,5.222823894249329,0.6166403734637143,0.007278137566421692,0.02253684283134984,5.869279248110815,6.669635509216835,0.8003562611060202,12.0
2024-01-22,5.289761971821217,0.6162089019810776,0.007278137566421692,0.022825685220872374,5.936074696589588,6.745539427942714,0.8094647313531258,12.000000000000002
2024-01-29,5.3610641504029894,0.6158659707682343,0.007353937580572359,0.023133359005163584,6.00741741775696,6.826610701996545,0.819193284239585,11.999999999999995
2024-02-05,5.417848111896705,0.6155590033476329,0.007353937580572359,0.023378385688321394,6.064139438513231,6.891067543765035,0.8269281052518043,12.000000000000002
2024-02-12,5.4645761133632,0.6152437828997043,0.007353937580572359,0.023580020215197367,6.110753854058674,6.944038470521221,0.8332846164625467,12.000000000000002
2024-02-19,5.510756169763062,0.6149078502303611,0.007353937580572359,0.023779290321580333,6.156797247895576,6.996360508972246,0.8395632610766697,12.000000000000002
2024-02-26,5.5397345610732245,0.6145469482630574,0.007467914518775014,0.023904334064905008,6.185653757919962,7.02915199763632,0.8434982397163582,11.999999999999996
2024-03-04,5.562955151425267,0.6143420400909197,0.007467914518775014,0.024004532502725464,6.208769638537686,7.055420043792825,0.8466504052551391,12.000000000000002
2024-03-11,5.560409505976971,0.6141521009719838,0.007467914518775014,0.02399354786825679,6.206023069335986,7.052298942427257,0.8462758730912707,12.0
2024-03-18,5.541756329438636,0.6137840321333605,0.007467914518775014,0.023913058133879044,6.1869213342246505,7.030592425255285,0.8436710910306342,12.000000000000002
2024-03-25,5.517637296592081,0.613564278362295,0.0074775258848730685,0.023808982855157607,6.162488083694408,7.002827367834554,0.8403392841401462,11.999999999999996
2024-04-01,5.489838868431166,0.6134469580497101,0.0074775258848730685,0.023689030733641328,6.134452383099391,6.970968617158399,0.8365162340590082,12.000000000000005
2024-04-08,5.455614228653338,0.6131808778410205,0.0074775258848730685,0.02354134906884659,6.099813981448078,6.9316067971000885,0.8317928156520109,12.000000000000004
2024-04-15,5.406336787171005,0.6129292174152864,0.0074775258848730685,0.023328713533683102,6.0500722440048476,6.875082095460054,0.8250098514552064,12.0
2024-04-22,5.366021042379847,0.6128676348035522,0.007472093084668805,0.023154748333556872,6.009515518601625,6.828994907501847,0.8194793889002217,12.000000000000002
2024-04-29,5.327271829390286,0.6126694997042975,0.007472093084668805,0.02298754282545123,5.970400965004703,6.784546551141708,0.8141455861370046,11.999999999999995
2024-05-06,5.311135375305506,0.6124451785901457,0.007472093084668805,0.022917912920838827,5.953970559901159,6.765875636251317,0.8119050763501576,11.999999999999995
2024-05-13,5.292583835006123,0.6122702477043038,0.007472093084668805,0.022837861753793546,5.93516403754889,6.744504588123738,0.8093405505748485,12.0
2024-05-20,5.253749408878972,0.6120915974373045,0.007508482710801372,0.022670288545162683,5.89601977757224,6.70002247451391,0.8040026969416694,12.000000000000004
2024-05-27,5.22479368873307,0.6121064346405266,0.007508482710801372,0.022545342629464615,5.866953948713863,6.6669931235384805,0.8000391748246178,12.000000000000002
2024-06-03,5.1900909373603445,0.6119910181548373,0.007508482710801372,0.022395597880390524,5.8319860361063744,6.627256859211789,0.7952708231054144,11.999999999999996
2024-06-10,5.167706441382109,0.6119490453454329,0.007508482710801372,0.022299007247059785,5.8094629766854045,6.601662473506141,0.7921994968207366,11.999999999999995
2024-06-17,5.157191120241985,0.611941740843971,0.007392154458006413,0.022253632916112674,5.798778648460075,6.589521191431904,0.7907425429718282,11.999999999999996
2024-06-24,5.157343335380517,0.6118380012810738,0.007392154458006413,0.022254289734861134,5.798827780854459,6.589577023698248,0.7907492428437894,11.999999999999995
2024-07-01,5.141464258381829,0.6117019418279397,0.007392154458006413,0.02218577043000378,5.782744125097779,6.571300142156567,0.788556017058788,11.999999999999998
2024-07-08,5.126259617962223,0.6115588078573784,0.007392154458006413,0.022120161365179455,5.767330741642787,6.553784933684985,0.7864541920421981,12.0
2024-07-15,5.096233549245113,0.6114760819678116,0.00741775486382679,0.021990596822085075,5.737117982898837,6.519452253294133,0.782334270395296,12.000000000000002
2024-07-22,5.0814137897877725,0.6115336877767441,0.00741775486382679,0.02192664854497463,5.722291880973318,6.502604410196952,0.7803125292236341,12.0
2024-07-29,5.054783927228472,0.6115710863905187,0.00741775486382679,0.021811738864068064,5.695584507346886,6.472255121985097,0.7766706146382116,12.0
2024-08-05,5.028487199025986,0.6115921066880662,0.00741775486382679,0.021698266680728568,5.669195327258608,6.442267417339327,0.7730720900807189,11.999999999999995
2024-08-12,4.994226182130518,0.611686704167591,0.007398519928906275,0.02155042804617963,5.634861834273194,6.403252084401357,0.7683902501281628,11.999999999999998
2024-08-19,4.962222583170122,0.6117988590322443,0.007398519928906275,0.021412330324638195,5.60283229245591,6.366854877790807,0.7640225853348968,11.999999999999998
2024-08-26,4.910959885846994,0.6118697314702563,0.007398519928906275,0.021191128274545248,5.551419265520702,6.308430983546253,0.7570117180255505,12.000000000000002
2024-09-02,4.858962758215891,0.6120337048520106,0.007398519928906275,0.02096675710736994,5.499361740104178,6.249274704663839,0.7499129645596607,12.000000000000002
2024-09-09,4.837322714263334,0.6122726571178518,0.007362282161625508,0.020873378835519863,5.477831032378331,6.224807991339013,0.7469769589606816,12.000000000000002
2024-09-16,4.78460575820606,0.6125016311707583,0.007362282161625508,0.02064590155938231,5.425115573097826,6.164904060338438,0.7397884872406122,11.999999999999995
2024-09-23,4.735216739167734,0.612656113320242,0.007362282161625508,0.02043278455942241,5.3756679192090235,6.108713544555709,0.7330456253466853,12.000000000000004
2024-09-30,4.715935160918715,0.6128807985686758,0.007362282161625508,0.020349583228621848,5.356527824877638,6.086963437360953,0.7304356124833147,12.000000000000007
2024-10-07,4.712099866159523,0.6130909966911019,0.007418223822194168,0.020333033669044515,5.352942120341863,6.082888773115753,0.72994665277389,11.999999999999995
2024-10-14,4.679451463005464,0.613286305283834,0.007418223822194168,0.020192153573242756,5.3203481456847355,6.045850165550836,0.7255020198661004,12.000000000000002
2024-10-21,4.663747529361073,0.6135867525857025,0.007418223822194168,0.020124390023955316,5.304876895792925,6.028269199764688,0.7233923039717629,12.000000000000005
2024-10-28,4.66566643498449,0.6138000674751616,0.007418223822194168,0.02013267023315225,5.307017396514998,6.030701586948861,0.7236841904338629,11.999999999999995
2024-11-04,4.692408721169198,0.6140582213813246,0.007435181594383866,0.0202480650297027,5.3341501891746095,6.0615343058802384,0.727384116705629,12.000000000000007
2024-11-11,4.70766235984047,0.6144713743396092,0.007435181594383866,0.020313885525339016,5.3498828012998025,6.079412274204321,0.7295294729045185,12.0
2024-11-18,4.7426100951991135,0.6146549054878017,0.007435181594383866,0.020464687397092063,5.385164869678391,6.1195055337254445,0.7343406640470533,12.0
2024-11-25,4.799283192699421,0.6150217700858577,0.007435181594383866,0.0207092356945249,5.442449380074188,6.184601568266123,0.7421521881919348,12.000000000000002
2024-12-02,4.864337573763337,0.6155023385129361,0.0073894268306918184,0.02098994980459522,5.50821928891156,6.259340101035864,0.751120812124304,12.000000000000005
2024-12-09,4.931978664270689,0.6159358805934035,0.0073894268306918184,0.021281825743085847,5.57658579743787,6.337029315270307,0.7604435178324369,12.000000000000002
2024-12-16,5.0096498696215885,0.6163742734731644,0.0073894268306918184,0.021616982314120552,5.655030552239565,6.4261710820904145,0.7711405298508494,11.999999999999995
2024-12-23,5.081598527122585,0.6167185308983449,0.0073894268306918184,0.02192744569922759,5.727633930550849,6.50867492108051,0.7810409905296609,11.999999999999996
2024-12-30,5.166566985172077,0.6170966706400918,0.007474358806423724,0.022294090415468548,5.813432105034061,6.606172846629615,0.7927407415955541,12.000000000000004
2025-01-06,5.251281519507257,0.6174832103727694,0.007474358806423724,0.022659639433490218,5.898898728119941,6.703294009227206,0.804395281107265,12.000000000000004
2025-01-13,5.337693768290222,0.6177802290495774,0.007474358806423724,0.02303251420563589,5.9859808703518596,6.802250989036204,0.8162701186843444,12.0
2025-01-20,5.4115714353523945,0.6181028077489867,0.007474358806423724,0.023351301399123343,6.060499903306928,6.886931708303328,0.8264318049963997,12.000000000000005
2025-01-27,5.486841777203725,0.6184255015914266,0.007582193476199059,0.0236760980797147,6.136525570351065,6.9733245117625735,0.8367989414115087,11.999999999999998
2025-02-03,5.557097705957821,0.6187356646643423,0.007582193476199059,0.02397925722433854,6.2073948213227,7.0538577515030685,0.8464629301803681,11.999999999999998
2025-02-10,5.6081736292225886,0.6190209034319983,0.007582193476199059,0.02419965333157692,6.2589763794623625,7.112473158479958,0.8534967790175951,12.000000000000002
2025-02-17,5.648494672870305,0.6195652585837728,0.007582193476199059,0.024373641396632135,6.300015766326909,7.159108825371487,0.8590930590445787,12.000000000000002
2025-02-24,5.673108423375632,0.619933709864391,0.007777597055374793,0.024479851415935946,6.325299581711334,7.18784043376288,0.8625408520515458,12.000000000000002
2025-03-03,5.684293190298512,0.6204738327169003,0.007777597055374793,0.0245281144512881,6.337072734522075,7.201219016502358,0.8641462819802825,11.999999999999995
2025-03-10,5.67664407366158,0.6207856061000742,0.007777597055374793,0.024495107989087637,6.329702384806117,7.19284361909786,0.863141234291743,11.999999999999998
2025-03-17,5.6671028289833405,0.6210900905009009,0.007777597055374793,0.024453936864791123,6.320424453404407,7.182300515232281,0.861876061827874,12.000000000000004
2025-03-24,5.644122946102987,0.621276273289282,0.007734027906041026,0.02435477709619782,6.297488024394508,7.156236391357395,0.858748366962887,11.999999999999995
2025-03-31,5.632980561601007,0.6214334547565179,0.007734027906041026,0.024306696943894757,6.286454741207462,7.1436985695539335,0.8572438283464718,11.999999999999998
2025-04-07,5.611326955719372,0.6216743349975629,0.007734027906041026,0.02421326015139181,6.2649485787743675,7.119259748607236,0.8543111698328687,12.000000000000005
2025-04-14,5.575281625860148,0.6219702932449617,0.007734027906041026,0.024057722084191047,6.229043669095342,7.07845871488107,0.8494150457857286,12.000000000000002
2025-04-21,5.5272839581470885,0.6221487559952421,0.0077329585688272985,0.023850608860497707,6.181016281571655,7.023882138149609,0.8428658565779532,12.000000000000002
2025-04-28,5.476468986938427,0.6224122289131229,0.0077329585688272985,0.02363133877925485,6.1302455131996325,6.9661880831814,0.8359425699817677,11.999999999999995
2025-05-05,5.44839555309364,0.6226026425968405,0.0077329585688272985,0.023510199989376663,6.102241354248685,6.934365175282596,0.8321238210339112,11.999999999999995
2025-05-12,5.4153171543190455,0.6226711740056211,0.0077329585688272985,0.023367464433020537,6.069088751326515,6.896691762871039,0.8276030115445243,11.999999999999995
2025-05-19,5.3884832089774495,0.6228775113602608,0.007706166124442498,0.02325167412093009,6.042318560583083,6.866271091571685,0.8239525309886018,11.999999999999995
2025-05-26,5.346412665202722,0.622921480482339,0.007706166124442498,0.023070136842998044,6.000110448652502,6.818307328014207,0.8181968793617047,11.999999999999998
2025-06-02,5.333227838180553,0.6229562361101888,0.007706166124442498,0.023013243411327045,5.986903483826512,6.803299413439218,0.8163959296127059,11.999999999999996
2025-06-09,5.320249488371919,0.6231370598729119,0.007706166124442498,0.02295724094297472,5.974049955312249,6.788693131036647,0.8146431757243979,12.000000000000005
2025-06-16,5.296899846039752,0.6230950106749877,0.007721509711613845,0.022856485637020845,5.950572852063374,6.7620146046174705,0.8114417525540967,12.000000000000004
2025-06-23,5.28195565532324,0.6230580554347088,0.007721509711613845,0.02279200043050439,5.935527220900067,6.7449172964773485,0.8093900755772818,12.0
2025-06-30,5.275011787703452,0.6230593081752133,0.007721509711613845,0.022762037166117632,5.928554642756396,6.736993912223177,0.8084392694667812,12.0
2025-07-07,5.266166666429663,0.6231264540462578,0.007721509711613845,0.022723869861991007,5.919738500049525,6.726975568238097,0.8072370681885719,12.000000000000004
2025-07-14,5.252836658307969,0.6231801096429486,0.007670139466903394,0.022666349963931645,5.9063532573817525,6.711765065206537,0.8054118078247843,11.999999999999998
2025-07-21,5.238549497722938,0.6231769568633679,0.007670139466903394,0.022604699887434593,5.892001293940644,6.695456015841641,0.8034547219009971,12.000000000000002
2025-07-28,5.219213568466511,0.6230386560928861,0.007670139466903394,0.022521264028314395,5.872443628054614,6.673231395516607,0.8007877674619932,12.000000000000005
2025-08-04,5.199054857719244,0.6230326353808445,0.007670139466903394,0.022434277810706327,5.852191910377698,6.650218079974657,0.7980261695969588,12.0
2025-08-11,5.185929015584223,0.6228601780997096,0.0076000577605068245,0.02237763890286342,5.838766890347302,6.634962375394662,0.7961954850473596,12.000000000000002
2025-08-18,5.1316738536437185,0.6228392337978772,0.0076000577605068245,0.022143524162983166,5.784256669365085,6.573018942460324,0.788762273095239,12.000000000000002
2025-08-25,5.094099059462213,0.6226899900484529,0.0076000577605068245,0.021981386352473927,5.746370493623647,6.529966470026871,0.7835959764032241,11.999999999999995
2025-09-01,5.056893950831979,0.6224882017438461,0.0076000577605068245,0.021820843760439357,5.708803054096771,6.4872761978372395,0.7784731437404684,11.999999999999995
2025-09-08,5.0187546287783515,0.6220289359604426,0.0076292996632687,0.021656269973495623,5.6700691343755585,6.443260379972226,0.7731912455966672,12.000000000000002
2025-09-15,4.974277244720651,0.6219414379402172,0.0076292996632687,0.021464347014890476,5.625312329339027,6.392400374248894,0.7670880449098672,11.999999999999996
2025-09-22,4.918948799846113,0.6215474144466616,0.0076292996632687,0.021225600985637336,5.569351114941681,6.328808085161001,0.7594569702193201,12.0
2025-09-29,4.8860869591956275,0.6212715767554015,0.0076292996632687,0.021083799892419486,5.536071635506718,6.290990494893998,0.7549188593872795,11.999999999999996
2025-10-06,4.8716522118407495,0.6209547119677221,0.007661283702685384,0.021021512968901864,5.521289720480059,6.274192864181885,0.7529031437018263,12.000000000000002
2025-10-13,4.8357431557018735,0.6206535869991027,0.007661283702685384,0.02086656293213822,5.484924589335799,6.232868851517954,0.7479442621821546,12.000000000000002
2025-10-20,4.831127914791858,0.6203077328953178,0.007661283702685384,0.02084664785149911,5.47994357924136,6.227208612774273,0.747265033532913,12.000000000000002
2025-10-27,4.827016093448704,0.6200099975272351,0.007661283702685384,0.020828905060771806,5.475516279739396,6.22217759061295,0.746661310873554,12.000000000000002
2025-11-03,4.837648181721302,0.6195449117225176,0.007684444842125338,0.020874783249893288,5.485752321535838,6.233809456290724,0.7480571347548866,11.999999999999995
2025-11-10,4.852307447502092,0.6192585980024214,0.007684444842125338,0.020938038985796697,5.500188529332435,6.250214237877767,0.7500257085453317,11.999999999999995
2025-11-17,4.886452577923012,0.6188111004517054,0.007684444842125338,0.02108537756227053,5.534033500779113,6.288674432703538,0.7546409319244249,12.000000000000005
2025-11-24,4.947830038591055,0.6185295764694301,0.007684444842125338,0.0213502255089888,5.5953942854116,6.358402597058636,0.7630083116470363,12.0
2025-12-01,5.014215422162664,0.6181871001241848,0.007735733793851509,0.02163668298604437,5.661774939066746,6.4338351580303925,0.772060218963647,11.999999999999998
2025-12-08,5.100832721759776,0.617937530251214,0.007735733793851509,0.02201044256649766,5.74851642837134,6.532405032240159,0.7838886038688191,12.000000000000002
